{"cameraMode":{"drawMode":0,"name":"Shaded","section":"Shading Mode"},"sceneLighting":true,"audioPlay":false,"sceneViewState":{"showFog":false,"showMaterialUpdate":false,"showSkybox":false,"showFlares":false,"showImageEffects":false,"showParticleSystems":false},"in2DMode":false,"pivot":{"x":0.0017998128896579147,"y":0.8633270263671875,"z":-0.7302216291427612},"rotation":{"x":0.7161922454833984,"y":0.0013278847327455879,"z":-0.0012750522000715137,"w":0.6979316473007202},"size":7.220135688781738,"orthographic":false}